entity,code,year,population,source,country_name,country_code,gdp
Africa (UN),,1950,227776419.0,population,,,
Africa (UN),,1951,232556971.0,population,,,
Africa (UN),,1952,237539544.0,population,,,
Africa (UN),,1953,242685066.0,population,,,
Africa (UN),,1954,248005818.0,population,,,
Africa (UN),,1955,253537850.0,population,,,
Africa (UN),,1956,259271439.0,population,,,
Africa (UN),,1957,265128663.0,population,,,
Africa (UN),,1958,271041739.0,population,,,
Africa (UN),,1959,277271607.0,population,,,
Africa (UN),,1960,283921952.0,population,,,
Africa (UN),,1961,290813750.0,population,,,
Africa (UN),,1962,297959631.0,population,,,
Africa (UN),,1963,305371042.0,population,,,
Africa (UN),,1964,313060398.0,population,,,
Africa (UN),,1965,321013250.0,population,,,
Africa (UN),,1966,329251993.0,population,,,
Africa (UN),,1967,337850713.0,population,,,
Africa (UN),,1968,346800643.0,population,,,
Africa (UN),,1969,356032260.0,population,,,
Africa (UN),,1970,365551874.0,population,,,
Africa (UN),,1971,375326099.0,population,,,
Africa (UN),,1972,385311883.0,population,,,
Africa (UN),,1973,395821648.0,population,,,
Africa (UN),,1974,406869977.0,population,,,
Africa (UN),,1975,418433160.0,population,,,
Africa (UN),,1976,430496629.0,population,,,
Africa (UN),,1977,442660133.0,population,,,
Africa (UN),,1978,455538925.0,population,,,
Africa (UN),,1979,469198175.0,population,,,
Africa (UN),,1980,483051387.0,population,,,
Africa (UN),,1981,497620643.0,population,,,
Africa (UN),,1982,512958551.0,population,,,
Africa (UN),,1983,528232408.0,population,,,
Africa (UN),,1984,543637781.0,population,,,
Africa (UN),,1985,559663771.0,population,,,
Africa (UN),,1986,575967004.0,population,,,
Africa (UN),,1987,592601033.0,population,,,
Africa (UN),,1988,609387393.0,population,,,
Africa (UN),,1989,626358876.0,population,,,
Africa (UN),,1990,643775030.0,population,,,
Africa (UN),,1991,661103507.0,population,,,
Africa (UN),,1992,678557822.0,population,,,
Africa (UN),,1993,696621490.0,population,,,
Africa (UN),,1994,714502385.0,population,,,
Africa (UN),,1995,732695149.0,population,,,
Africa (UN),,1996,751473491.0,population,,,
Africa (UN),,1997,770384412.0,population,,,
Africa (UN),,1998,789981456.0,population,,,
Africa (UN),,1999,810079553.0,population,,,
Africa (UN),,2000,830582527.0,population,,,
Africa (UN),,2001,851690082.0,population,,,
Africa (UN),,2002,873411063.0,population,,,
Africa (UN),,2003,895734225.0,population,,,
Africa (UN),,2004,918778215.0,population,,,
Africa (UN),,2005,942546391.0,population,,,
Africa (UN),,2006,966932135.0,population,,,
Africa (UN),,2007,992055602.0,population,,,
Africa (UN),,2008,1018065273.0,population,,,
Africa (UN),,2009,1044777532.0,population,,,
Africa (UN),,2010,1072216499.0,population,,,
Africa (UN),,2011,1100148605.0,population,,,
Africa (UN),,2012,1128843456.0,population,,,
Africa (UN),,2013,1158780288.0,population,,,
Africa (UN),,2014,1189220347.0,population,,,
Africa (UN),,2015,1220075494.0,population,,,
Africa (UN),,2016,1251208463.0,population,,,
Africa (UN),,2017,1282902108.0,population,,,
Africa (UN),,2018,1315409781.0,population,,,
Africa (UN),,2019,1348005491.0,population,,,
Africa (UN),,2020,1380821159.0,population,,,
Africa (UN),,2021,1413753053.0,population,,,
Africa (UN),,2022,1446883651.0,population,,,
Africa (UN),,2023,1480770527.0,population,,,
Americas (UN),,1950,335791493.0,population,,,
Americas (UN),,1951,342809280.0,population,,,
Americas (UN),,1952,350086865.0,population,,,
Americas (UN),,1953,357599607.0,population,,,
Americas (UN),,1954,365377092.0,population,,,
Americas (UN),,1955,373407277.0,population,,,
Americas (UN),,1956,381692163.0,population,,,
Americas (UN),,1957,390249080.0,population,,,
Americas (UN),,1958,398992349.0,population,,,
Americas (UN),,1959,408077037.0,population,,,
Americas (UN),,1960,417520522.0,population,,,
Americas (UN),,1961,427225741.0,population,,,
Americas (UN),,1962,437118235.0,population,,,
Americas (UN),,1963,447027460.0,population,,,
Americas (UN),,1964,456963601.0,population,,,
Americas (UN),,1965,466843178.0,population,,,
Americas (UN),,1966,476580531.0,population,,,
Americas (UN),,1967,486190006.0,population,,,
Americas (UN),,1968,495698218.0,population,,,
Americas (UN),,1969,505217478.0,population,,,
Americas (UN),,1970,515080522.0,population,,,
Americas (UN),,1971,525203246.0,population,,,
Americas (UN),,1972,535104027.0,population,,,
Americas (UN),,1973,544799459.0,population,,,
Americas (UN),,1974,554515598.0,population,,,
Americas (UN),,1975,564296858.0,population,,,
Americas (UN),,1976,574121361.0,population,,,
Americas (UN),,1977,584093311.0,population,,,
Americas (UN),,1978,594231922.0,population,,,
Americas (UN),,1979,604509080.0,population,,,
Americas (UN),,1980,614995559.0,population,,,
Americas (UN),,1981,625567978.0,population,,,
Americas (UN),,1982,636207174.0,population,,,
Americas (UN),,1983,646988452.0,population,,,
Americas (UN),,1984,657807334.0,population,,,
Americas (UN),,1985,668598299.0,population,,,
Americas (UN),,1986,679322518.0,population,,,
Americas (UN),,1987,690036435.0,population,,,
Americas (UN),,1988,700864741.0,population,,,
Americas (UN),,1989,711800736.0,population,,,
Americas (UN),,1990,723167029.0,population,,,
Americas (UN),,1991,734827528.0,population,,,
Americas (UN),,1992,746446435.0,population,,,
Americas (UN),,1993,757897506.0,population,,,
Americas (UN),,1994,769066720.0,population,,,
Americas (UN),,1995,780097788.0,population,,,
Americas (UN),,1996,790984090.0,population,,,
Americas (UN),,1997,801748681.0,population,,,
Americas (UN),,1998,812545221.0,population,,,
Americas (UN),,1999,823277581.0,population,,,
Americas (UN),,2000,833823329.0,population,,,
Americas (UN),,2001,844243627.0,population,,,
Americas (UN),,2002,854486140.0,population,,,
Americas (UN),,2003,864557890.0,population,,,
Americas (UN),,2004,874538475.0,population,,,
Americas (UN),,2005,884494787.0,population,,,
Americas (UN),,2006,894470072.0,population,,,
Americas (UN),,2007,904530238.0,population,,,
Americas (UN),,2008,914594516.0,population,,,
Americas (UN),,2009,924521281.0,population,,,
Americas (UN),,2010,934293894.0,population,,,
Americas (UN),,2011,944029797.0,population,,,
Americas (UN),,2012,953741209.0,population,,,
Americas (UN),,2013,963367755.0,population,,,
Americas (UN),,2014,972890540.0,population,,,
Americas (UN),,2015,982256772.0,population,,,
Americas (UN),,2016,991580859.0,population,,,
Americas (UN),,2017,1000714164.0,population,,,
Americas (UN),,2018,1009489473.0,population,,,
Americas (UN),,2019,1017894602.0,population,,,
Americas (UN),,2020,1024463737.0,population,,,
Americas (UN),,2021,1029207261.0,population,,,
Americas (UN),,2022,1034848562.0,population,,,
Americas (UN),,2023,1041794259.0,population,,,
Asia (UN),,1950,1368075411.0,population,,,
Asia (UN),,1951,1394810949.0,population,,,
Asia (UN),,1952,1424440987.0,population,,,
Asia (UN),,1953,1456150768.0,population,,,
Asia (UN),,1954,1488943455.0,population,,,
Asia (UN),,1955,1523680044.0,population,,,
Asia (UN),,1956,1558805650.0,population,,,
Asia (UN),,1957,1595227779.0,population,,,
Asia (UN),,1958,1632429840.0,population,,,
Asia (UN),,1959,1665271765.0,population,,,
Asia (UN),,1960,1692348915.0,population,,,
Asia (UN),,1961,1718751809.0,population,,,
Asia (UN),,1962,1753920101.0,population,,,
Asia (UN),,1963,1799912159.0,population,,,
Asia (UN),,1964,1848054069.0,population,,,
Asia (UN),,1965,1894647591.0,population,,,
Asia (UN),,1966,1940809582.0,population,,,
Asia (UN),,1967,1986937252.0,population,,,
Asia (UN),,1968,2035404656.0,population,,,
Asia (UN),,1969,2086069569.0,population,,,
Asia (UN),,1970,2137559048.0,population,,,
Asia (UN),,1971,2188326576.0,population,,,
Asia (UN),,1972,2238486523.0,population,,,
Asia (UN),,1973,2289518342.0,population,,,
Asia (UN),,1974,2340061189.0,population,,,
Asia (UN),,1975,2389170024.0,population,,,
Asia (UN),,1976,2437129378.0,population,,,
Asia (UN),,1977,2484896158.0,population,,,
Asia (UN),,1978,2532509773.0,population,,,
Asia (UN),,1979,2581432946.0,population,,,
Asia (UN),,1980,2632326534.0,population,,,
Asia (UN),,1981,2684687855.0,population,,,
Asia (UN),,1982,2739365858.0,population,,,
Asia (UN),,1983,2794764059.0,population,,,
Asia (UN),,1984,2850199037.0,population,,,
Asia (UN),,1985,2906963725.0,population,,,
Asia (UN),,1986,2965641162.0,population,,,
Asia (UN),,1987,3026396349.0,population,,,
Asia (UN),,1988,3087408996.0,population,,,
Asia (UN),,1989,3148471009.0,population,,,
Asia (UN),,1990,3209882591.0,population,,,
Asia (UN),,1991,3269006373.0,population,,,
Asia (UN),,1992,3325622591.0,population,,,
Asia (UN),,1993,3380865819.0,population,,,
Asia (UN),,1994,3434524779.0,population,,,
Asia (UN),,1995,3487680513.0,population,,,
Asia (UN),,1996,3540729989.0,population,,,
Asia (UN),,1997,3593265328.0,population,,,
Asia (UN),,1998,3645256154.0,population,,,
Asia (UN),,1999,3696551685.0,population,,,
Asia (UN),,2000,3747780316.0,population,,,
Asia (UN),,2001,3798918117.0,population,,,
Asia (UN),,2002,3848340943.0,population,,,
Asia (UN),,2003,3896798937.0,population,,,
Asia (UN),,2004,3945396131.0,population,,,
Asia (UN),,2005,3993926571.0,population,,,
Asia (UN),,2006,4042825697.0,population,,,
Asia (UN),,2007,4091636910.0,population,,,
Asia (UN),,2008,4140358378.0,population,,,
Asia (UN),,2009,4189938692.0,population,,,
Asia (UN),,2010,4239822679.0,population,,,
Asia (UN),,2011,4289496392.0,population,,,
Asia (UN),,2012,4339608796.0,population,,,
Asia (UN),,2013,4388941163.0,population,,,
Asia (UN),,2014,4436946301.0,population,,,
Asia (UN),,2015,4483307887.0,population,,,
Asia (UN),,2016,4528415170.0,population,,,
Asia (UN),,2017,4572478790.0,population,,,
Asia (UN),,2018,4613623524.0,population,,,
Asia (UN),,2019,4652385277.0,population,,,
Asia (UN),,2020,4688113349.0,population,,,
Asia (UN),,2021,4718316356.0,population,,,
Asia (UN),,2022,4747661012.0,population,,,
Asia (UN),,2023,4778004495.0,population,,,
Europe (UN),,1950,548867469.0,population,,,
Europe (UN),,1951,553834803.0,population,,,
Europe (UN),,1952,558789986.0,population,,,
Europe (UN),,1953,564143731.0,population,,,
Europe (UN),,1954,569744202.0,population,,,
Europe (UN),,1955,575443526.0,population,,,
Europe (UN),,1956,581156297.0,population,,,
Europe (UN),,1957,587187573.0,population,,,
Europe (UN),,1958,593619871.0,population,,,
Europe (UN),,1959,599820048.0,population,,,
Europe (UN),,1960,605817189.0,population,,,
Europe (UN),,1961,611861858.0,population,,,
Europe (UN),,1962,617815761.0,population,,,
Europe (UN),,1963,623592899.0,population,,,
Europe (UN),,1964,629154959.0,population,,,
Europe (UN),,1965,634412816.0,population,,,
Europe (UN),,1966,639413303.0,population,,,
Europe (UN),,1967,644103047.0,population,,,
Europe (UN),,1968,648613871.0,population,,,
Europe (UN),,1969,653138813.0,population,,,
Europe (UN),,1970,656998550.0,population,,,
Europe (UN),,1971,660956210.0,population,,,
Europe (UN),,1972,665521464.0,population,,,
Europe (UN),,1973,669799765.0,population,,,
Europe (UN),,1974,673741422.0,population,,,
Europe (UN),,1975,677279664.0,population,,,
Europe (UN),,1976,680656878.0,population,,,
Europe (UN),,1977,684099950.0,population,,,
Europe (UN),,1978,687433738.0,population,,,
Europe (UN),,1979,690745946.0,population,,,
Europe (UN),,1980,694278653.0,population,,,
Europe (UN),,1981,697593694.0,population,,,
Europe (UN),,1982,700451496.0,population,,,
Europe (UN),,1983,703278523.0,population,,,
Europe (UN),,1984,706110631.0,population,,,
Europe (UN),,1985,708940406.0,population,,,
Europe (UN),,1986,711992643.0,population,,,
Europe (UN),,1987,715168352.0,population,,,
Europe (UN),,1988,718375298.0,population,,,
Europe (UN),,1989,721424433.0,population,,,
Europe (UN),,1990,724139400.0,population,,,
Europe (UN),,1991,726483509.0,population,,,
Europe (UN),,1992,727616693.0,population,,,
Europe (UN),,1993,728005909.0,population,,,
Europe (UN),,1994,728884651.0,population,,,
Europe (UN),,1995,729380598.0,population,,,
Europe (UN),,1996,729369831.0,population,,,
Europe (UN),,1997,729425133.0,population,,,
Europe (UN),,1998,728864105.0,population,,,
Europe (UN),,1999,728217680.0,population,,,
Europe (UN),,2000,728164203.0,population,,,
Europe (UN),,2001,728237719.0,population,,,
Europe (UN),,2002,729126513.0,population,,,
Europe (UN),,2003,730376377.0,population,,,
Europe (UN),,2004,731246189.0,population,,,
Europe (UN),,2005,732046513.0,population,,,
Europe (UN),,2006,732684066.0,population,,,
Europe (UN),,2007,733896327.0,population,,,
Europe (UN),,2008,735549442.0,population,,,
Europe (UN),,2009,736935723.0,population,,,
Europe (UN),,2010,738145317.0,population,,,
Europe (UN),,2011,739359202.0,population,,,
Europe (UN),,2012,740458840.0,population,,,
Europe (UN),,2013,741470776.0,population,,,
Europe (UN),,2014,742640639.0,population,,,
Europe (UN),,2015,744237034.0,population,,,
Europe (UN),,2016,746003106.0,population,,,
Europe (UN),,2017,747429208.0,population,,,
Europe (UN),,2018,748564859.0,population,,,
Europe (UN),,2019,749504129.0,population,,,
Europe (UN),,2020,749524039.0,population,,,
Europe (UN),,2021,748613503.0,population,,,
Europe (UN),,2022,746964589.0,population,,,
Europe (UN),,2023,745602869.0,population,,,
High-income countries,,1950,692711430.0,population,,,
High-income countries,,1951,700623676.0,population,,,
High-income countries,,1952,708716899.0,population,,,
High-income countries,,1953,717304261.0,population,,,
High-income countries,,1954,726124751.0,population,,,
High-income countries,,1955,735073315.0,population,,,
High-income countries,,1956,744048989.0,population,,,
High-income countries,,1957,753254092.0,population,,,
High-income countries,,1958,762789205.0,population,,,
High-income countries,,1959,772471863.0,population,,,
High-income countries,,1960,782236784.0,population,,,
High-income countries,,1961,791968959.0,population,,,
High-income countries,,1962,801664774.0,population,,,
High-income countries,,1963,811255644.0,population,,,
High-income countries,,1964,821495476.0,population,,,
High-income countries,,1965,831811246.0,population,,,
High-income countries,,1966,841155573.0,population,,,
High-income countries,,1967,849524523.0,population,,,
High-income countries,,1968,857986036.0,population,,,
High-income countries,,1969,867236896.0,population,,,
High-income countries,,1970,876449244.0,population,,,
High-income countries,,1971,885949675.0,population,,,
High-income countries,,1972,895431161.0,population,,,
High-income countries,,1973,904291169.0,population,,,
High-income countries,,1974,912705444.0,population,,,
High-income countries,,1975,920485040.0,population,,,
High-income countries,,1976,927867083.0,population,,,
High-income countries,,1977,935281713.0,population,,,
High-income countries,,1978,942637134.0,population,,,
High-income countries,,1979,950084821.0,population,,,
High-income countries,,1980,957870125.0,population,,,
High-income countries,,1981,965477507.0,population,,,
High-income countries,,1982,972586020.0,population,,,
High-income countries,,1983,979396832.0,population,,,
High-income countries,,1984,985985145.0,population,,,
High-income countries,,1985,992559423.0,population,,,
High-income countries,,1986,999312487.0,population,,,
High-income countries,,1987,1006224559.0,population,,,
High-income countries,,1988,1013379301.0,population,,,
High-income countries,,1989,1020861878.0,population,,,
High-income countries,,1990,1028284455.0,population,,,
High-income countries,,1991,1036169648.0,population,,,
High-income countries,,1992,1044505527.0,population,,,
High-income countries,,1993,1052086402.0,population,,,
High-income countries,,1994,1059188927.0,population,,,
High-income countries,,1995,1065736173.0,population,,,
High-income countries,,1996,1071920124.0,population,,,
High-income countries,,1997,1078237701.0,population,,,
High-income countries,,1998,1084071427.0,population,,,
High-income countries,,1999,1090028855.0,population,,,
High-income countries,,2000,1096764306.0,population,,,
High-income countries,,2001,1103946188.0,population,,,
High-income countries,,2002,1111450256.0,population,,,
High-income countries,,2003,1119083316.0,population,,,
High-income countries,,2004,1126798832.0,population,,,
High-income countries,,2005,1134613531.0,population,,,
High-income countries,,2006,1142539578.0,population,,,
High-income countries,,2007,1151382226.0,population,,,
High-income countries,,2008,1160658982.0,population,,,
High-income countries,,2009,1169055745.0,population,,,
High-income countries,,2010,1176862152.0,population,,,
High-income countries,,2011,1184863414.0,population,,,
High-income countries,,2012,1192847652.0,population,,,
High-income countries,,2013,1200506754.0,population,,,
High-income countries,,2014,1208317577.0,population,,,
High-income countries,,2015,1216633392.0,population,,,
High-income countries,,2016,1224780422.0,population,,,
High-income countries,,2017,1231575719.0,population,,,
High-income countries,,2018,1237400303.0,population,,,
High-income countries,,2019,1243293724.0,population,,,
High-income countries,,2020,1246978178.0,population,,,
High-income countries,,2021,1248780604.0,population,,,
High-income countries,,2022,1254316684.0,population,,,
High-income countries,,2023,1261155613.0,population,,,
Land-locked developing countries (LLDC),,1950,104396344.0,population,,,
Land-locked developing countries (LLDC),,1951,106630100.0,population,,,
Land-locked developing countries (LLDC),,1952,108934617.0,population,,,
Land-locked developing countries (LLDC),,1953,111300263.0,population,,,
Land-locked developing countries (LLDC),,1954,113736568.0,population,,,
Land-locked developing countries (LLDC),,1955,116267279.0,population,,,
Land-locked developing countries (LLDC),,1956,118907136.0,population,,,
Land-locked developing countries (LLDC),,1957,121597420.0,population,,,
Land-locked developing countries (LLDC),,1958,124314809.0,population,,,
Land-locked developing countries (LLDC),,1959,127237215.0,population,,,
Land-locked developing countries (LLDC),,1960,130398985.0,population,,,
Land-locked developing countries (LLDC),,1961,133721662.0,population,,,
Land-locked developing countries (LLDC),,1962,137173487.0,population,,,
Land-locked developing countries (LLDC),,1963,140711419.0,population,,,
Land-locked developing countries (LLDC),,1964,144375169.0,population,,,
Land-locked developing countries (LLDC),,1965,148133298.0,population,,,
Land-locked developing countries (LLDC),,1966,151923680.0,population,,,
Land-locked developing countries (LLDC),,1967,155810122.0,population,,,
Land-locked developing countries (LLDC),,1968,159819490.0,population,,,
Land-locked developing countries (LLDC),,1969,163870445.0,population,,,
Land-locked developing countries (LLDC),,1970,167940511.0,population,,,
Land-locked developing countries (LLDC),,1971,172050046.0,population,,,
Land-locked developing countries (LLDC),,1972,176139430.0,population,,,
Land-locked developing countries (LLDC),,1973,180348910.0,population,,,
Land-locked developing countries (LLDC),,1974,184771649.0,population,,,
Land-locked developing countries (LLDC),,1975,189262138.0,population,,,
Land-locked developing countries (LLDC),,1976,193925194.0,population,,,
Land-locked developing countries (LLDC),,1977,198580071.0,population,,,
Land-locked developing countries (LLDC),,1978,203217744.0,population,,,
Land-locked developing countries (LLDC),,1979,207478634.0,population,,,
Land-locked developing countries (LLDC),,1980,211076394.0,population,,,
Land-locked developing countries (LLDC),,1981,214780011.0,population,,,
Land-locked developing countries (LLDC),,1982,219422184.0,population,,,
Land-locked developing countries (LLDC),,1983,224757207.0,population,,,
Land-locked developing countries (LLDC),,1984,230303187.0,population,,,
Land-locked developing countries (LLDC),,1985,235994793.0,population,,,
Land-locked developing countries (LLDC),,1986,241767393.0,population,,,
Land-locked developing countries (LLDC),,1987,247971017.0,population,,,
Land-locked developing countries (LLDC),,1988,254598522.0,population,,,
Land-locked developing countries (LLDC),,1989,261455044.0,population,,,
Land-locked developing countries (LLDC),,1990,268153621.0,population,,,
Land-locked developing countries (LLDC),,1991,275286216.0,population,,,
Land-locked developing countries (LLDC),,1992,283262466.0,population,,,
Land-locked developing countries (LLDC),,1993,290731417.0,population,,,
Land-locked developing countries (LLDC),,1994,296136821.0,population,,,
Land-locked developing countries (LLDC),,1995,301744209.0,population,,,
Land-locked developing countries (LLDC),,1996,309365826.0,population,,,
Land-locked developing countries (LLDC),,1997,316921407.0,population,,,
Land-locked developing countries (LLDC),,1998,323883842.0,population,,,
Land-locked developing countries (LLDC),,1999,331036124.0,population,,,
Land-locked developing countries (LLDC),,2000,338056990.0,population,,,
Land-locked developing countries (LLDC),,2001,345163242.0,population,,,
Land-locked developing countries (LLDC),,2002,353522172.0,population,,,
Land-locked developing countries (LLDC),,2003,362511508.0,population,,,
Land-locked developing countries (LLDC),,2004,371251752.0,population,,,
Land-locked developing countries (LLDC),,2005,380169042.0,population,,,
Land-locked developing countries (LLDC),,2006,389461254.0,population,,,
Land-locked developing countries (LLDC),,2007,398488172.0,population,,,
Land-locked developing countries (LLDC),,2008,407885392.0,population,,,
Land-locked developing countries (LLDC),,2009,417913443.0,population,,,
Land-locked developing countries (LLDC),,2010,428110898.0,population,,,
Land-locked developing countries (LLDC),,2011,438841184.0,population,,,
Land-locked developing countries (LLDC),,2012,449724501.0,population,,,
Land-locked developing countries (LLDC),,2013,460534123.0,population,,,
Land-locked developing countries (LLDC),,2014,471366381.0,population,,,
Land-locked developing countries (LLDC),,2015,482099632.0,population,,,
Land-locked developing countries (LLDC),,2016,492884702.0,population,,,
Land-locked developing countries (LLDC),,2017,503808945.0,population,,,
Land-locked developing countries (LLDC),,2018,515439801.0,population,,,
Land-locked developing countries (LLDC),,2019,528050257.0,population,,,
Land-locked developing countries (LLDC),,2020,541140668.0,population,,,
Land-locked developing countries (LLDC),,2021,553891679.0,population,,,
Land-locked developing countries (LLDC),,2022,566128949.0,population,,,
Land-locked developing countries (LLDC),,2023,579184957.0,population,,,
Latin America and the Caribbean (UN),,1950,167782163.0,population,,,
Latin America and the Caribbean (UN),,1951,172178663.0,population,,,
Latin America and the Caribbean (UN),,1952,176742747.0,population,,,
Latin America and the Caribbean (UN),,1953,181465137.0,population,,,
Latin America and the Caribbean (UN),,1954,186352241.0,population,,,
Latin America and the Caribbean (UN),,1955,191408097.0,population,,,
Latin America and the Caribbean (UN),,1956,196635244.0,population,,,
Latin America and the Caribbean (UN),,1957,202034638.0,population,,,
Latin America and the Caribbean (UN),,1958,207597407.0,population,,,
Latin America and the Caribbean (UN),,1959,213338421.0,population,,,
Latin America and the Caribbean (UN),,1960,219267875.0,population,,,
Latin America and the Caribbean (UN),,1961,225391661.0,population,,,
Latin America and the Caribbean (UN),,1962,231696479.0,population,,,
Latin America and the Caribbean (UN),,1963,238151654.0,population,,,
Latin America and the Caribbean (UN),,1964,244733711.0,population,,,
Latin America and the Caribbean (UN),,1965,251412633.0,population,,,
Latin America and the Caribbean (UN),,1966,258167632.0,population,,,
Latin America and the Caribbean (UN),,1967,264985010.0,population,,,
Latin America and the Caribbean (UN),,1968,271854378.0,population,,,
Latin America and the Caribbean (UN),,1969,278778840.0,population,,,
Latin America and the Caribbean (UN),,1970,285740932.0,population,,,
Latin America and the Caribbean (UN),,1971,292776290.0,population,,,
Latin America and the Caribbean (UN),,1972,299924708.0,population,,,
Latin America and the Caribbean (UN),,1973,307173854.0,population,,,
Latin America and the Caribbean (UN),,1974,314507392.0,population,,,
Latin America and the Caribbean (UN),,1975,321910242.0,population,,,
Latin America and the Caribbean (UN),,1976,329387958.0,population,,,
Latin America and the Caribbean (UN),,1977,336994366.0,population,,,
Latin America and the Caribbean (UN),,1978,344747765.0,population,,,
Latin America and the Caribbean (UN),,1979,352587364.0,population,,,
Latin America and the Caribbean (UN),,1980,360493169.0,population,,,
Latin America and the Caribbean (UN),,1981,368410523.0,population,,,
Latin America and the Caribbean (UN),,1982,376371991.0,population,,,
Latin America and the Caribbean (UN),,1983,384476546.0,population,,,
Latin America and the Caribbean (UN),,1984,392668981.0,population,,,
Latin America and the Caribbean (UN),,1985,400865350.0,population,,,
Latin America and the Caribbean (UN),,1986,409041727.0,population,,,
Latin America and the Caribbean (UN),,1987,417217346.0,population,,,
Latin America and the Caribbean (UN),,1988,425425705.0,population,,,
Latin America and the Caribbean (UN),,1989,433640825.0,population,,,
Latin America and the Caribbean (UN),,1990,441884653.0,population,,,
Latin America and the Caribbean (UN),,1991,450078869.0,population,,,
Latin America and the Caribbean (UN),,1992,458219791.0,population,,,
Latin America and the Caribbean (UN),,1993,466312640.0,population,,,
Latin America and the Caribbean (UN),,1994,474323146.0,population,,,
Latin America and the Caribbean (UN),,1995,482311057.0,population,,,
Latin America and the Caribbean (UN),,1996,490233947.0,population,,,
Latin America and the Caribbean (UN),,1997,498098883.0,population,,,
Latin America and the Caribbean (UN),,1998,505972763.0,population,,,
Latin America and the Caribbean (UN),,1999,513769072.0,population,,,
Latin America and the Caribbean (UN),,2000,521323341.0,population,,,
Latin America and the Caribbean (UN),,2001,528625862.0,population,,,
Latin America and the Caribbean (UN),,2002,535741246.0,population,,,
Latin America and the Caribbean (UN),,2003,542687946.0,population,,,
Latin America and the Caribbean (UN),,2004,549493921.0,population,,,
Latin America and the Caribbean (UN),,2005,556212183.0,population,,,
Latin America and the Caribbean (UN),,2006,562854898.0,population,,,
Latin America and the Caribbean (UN),,2007,569468004.0,population,,,
Latin America and the Caribbean (UN),,2008,576049108.0,population,,,
Latin America and the Caribbean (UN),,2009,582545347.0,population,,,
Latin America and the Caribbean (UN),,2010,588907846.0,population,,,
Latin America and the Caribbean (UN),,2011,595242691.0,population,,,
Latin America and the Caribbean (UN),,2012,601576914.0,population,,,
Latin America and the Caribbean (UN),,2013,607837505.0,population,,,
Latin America and the Caribbean (UN),,2014,614015230.0,population,,,
Latin America and the Caribbean (UN),,2015,620042604.0,population,,,
Latin America and the Caribbean (UN),,2016,625922639.0,population,,,
Latin America and the Caribbean (UN),,2017,631575440.0,population,,,
Latin America and the Caribbean (UN),,2018,637012157.0,population,,,
Latin America and the Caribbean (UN),,2019,642195533.0,population,,,
Latin America and the Caribbean (UN),,2020,646729386.0,population,,,
Latin America and the Caribbean (UN),,2021,650465295.0,population,,,
Latin America and the Caribbean (UN),,2022,654366789.0,population,,,
Latin America and the Caribbean (UN),,2023,658891516.0,population,,,
Least developed countries,,1950,198760112.0,population,,,
Least developed countries,,1951,202652090.0,population,,,
Least developed countries,,1952,206709145.0,population,,,
Least developed countries,,1953,210878822.0,population,,,
Least developed countries,,1954,215203497.0,population,,,
Least developed countries,,1955,219741328.0,population,,,
Least developed countries,,1956,224471915.0,population,,,
Least developed countries,,1957,229334117.0,population,,,
Least developed countries,,1958,234249678.0,population,,,
Least developed countries,,1959,239467803.0,population,,,
Least developed countries,,1960,245116605.0,population,,,
Least developed countries,,1961,251053626.0,population,,,
Least developed countries,,1962,257242814.0,population,,,
Least developed countries,,1963,263627881.0,population,,,
Least developed countries,,1964,270265531.0,population,,,
Least developed countries,,1965,277173655.0,population,,,
Least developed countries,,1966,284294159.0,population,,,
Least developed countries,,1967,291716409.0,population,,,
Least developed countries,,1968,299449335.0,population,,,
Least developed countries,,1969,307336650.0,population,,,
Least developed countries,,1970,315180145.0,population,,,
Least developed countries,,1971,322596731.0,population,,,
Least developed countries,,1972,330325411.0,population,,,
Least developed countries,,1973,339083632.0,population,,,
Least developed countries,,1974,348129342.0,population,,,
Least developed countries,,1975,356932380.0,population,,,
Least developed countries,,1976,365647056.0,population,,,
Least developed countries,,1977,374384507.0,population,,,
Least developed countries,,1978,383761021.0,population,,,
Least developed countries,,1979,393811590.0,population,,,
Least developed countries,,1980,403106102.0,population,,,
Least developed countries,,1981,412147406.0,population,,,
Least developed countries,,1982,422663428.0,population,,,
Least developed countries,,1983,434246511.0,population,,,
Least developed countries,,1984,446053989.0,population,,,
Least developed countries,,1985,457975602.0,population,,,
Least developed countries,,1986,469954787.0,population,,,
Least developed countries,,1987,482189714.0,population,,,
Least developed countries,,1988,494517101.0,population,,,
Least developed countries,,1989,507111455.0,population,,,
Least developed countries,,1990,519816814.0,population,,,
Least developed countries,,1991,532721211.0,population,,,
Least developed countries,,1992,547033343.0,population,,,
Least developed countries,,1993,562620351.0,population,,,
Least developed countries,,1994,578161672.0,population,,,
Least developed countries,,1995,593744533.0,population,,,
Least developed countries,,1996,609544655.0,population,,,
Least developed countries,,1997,625406727.0,population,,,
Least developed countries,,1998,641541778.0,population,,,
Least developed countries,,1999,657759365.0,population,,,
Least developed countries,,2000,673774120.0,population,,,
Least developed countries,,2001,690025172.0,population,,,
Least developed countries,,2002,707416726.0,population,,,
Least developed countries,,2003,725265583.0,population,,,
Least developed countries,,2004,742875657.0,population,,,
Least developed countries,,2005,760903253.0,population,,,
Least developed countries,,2006,779395670.0,population,,,
Least developed countries,,2007,797685699.0,population,,,
Least developed countries,,2008,816441915.0,population,,,
Least developed countries,,2009,835864959.0,population,,,
Least developed countries,,2010,855529922.0,population,,,
Least developed countries,,2011,875870721.0,population,,,
Least developed countries,,2012,896874390.0,population,,,
Least developed countries,,2013,918462775.0,population,,,
Least developed countries,,2014,940480898.0,population,,,
Least developed countries,,2015,962708552.0,population,,,
Least developed countries,,2016,985618621.0,population,,,
Least developed countries,,2017,1009200436.0,population,,,
Least developed countries,,2018,1033320501.0,population,,,
Least developed countries,,2019,1058226909.0,population,,,
Least developed countries,,2020,1083853564.0,population,,,
Least developed countries,,2021,1109397235.0,population,,,
Least developed countries,,2022,1134811919.0,population,,,
Least developed countries,,2023,1161055556.0,population,,,
Less developed regions,,1950,1679684748.0,population,,,
Less developed regions,,1951,1714241875.0,population,,,
Less developed regions,,1952,1752188646.0,population,,,
Less developed regions,,1953,1792640028.0,population,,,
Less developed regions,,1954,1834623627.0,population,,,
Less developed regions,,1955,1879000745.0,population,,,
Less developed regions,,1956,1924245260.0,population,,,
Less developed regions,,1957,1971234863.0,population,,,
Less developed regions,,1958,2019255259.0,population,,,
Less developed regions,,1959,2063375198.0,population,,,
Less developed regions,,1960,2102340988.0,population,,,
Less developed regions,,1961,2141025957.0,population,,,
Less developed regions,,1962,2188868755.0,population,,,
Less developed regions,,1963,2247929526.0,population,,,
Less developed regions,,1964,2309495284.0,population,,,
Less developed regions,,1965,2369780367.0,population,,,
Less developed regions,,1966,2430052037.0,population,,,
Less developed regions,,1967,2490605381.0,population,,,
Less developed regions,,1968,2553707506.0,population,,,
Less developed regions,,1969,2619382178.0,population,,,
Less developed regions,,1970,2686211687.0,population,,,
Less developed regions,,1971,2752647538.0,population,,,
Less developed regions,,1972,2818753779.0,population,,,
Less developed regions,,1973,2886267292.0,population,,,
Less developed regions,,1974,2953896050.0,population,,,
Less developed regions,,1975,3020759775.0,population,,,
Less developed regions,,1976,3087179912.0,population,,,
Less developed regions,,1977,3153746989.0,population,,,
Less developed regions,,1978,3221093320.0,population,,,
Less developed regions,,1979,3290675641.0,population,,,
Less developed regions,,1980,3362598736.0,population,,,
Less developed regions,,1981,3436923071.0,population,,,
Less developed regions,,1982,3514523351.0,population,,,
Less developed regions,,1983,3592954015.0,population,,,
Less developed regions,,1984,3671671639.0,population,,,
Less developed regions,,1985,3752334172.0,population,,,
Less developed regions,,1986,3835081539.0,population,,,
Less developed regions,,1987,3920193656.0,population,,,
Less developed regions,,1988,4005791149.0,population,,,
Less developed regions,,1989,4091696829.0,population,,,
Less developed regions,,1990,4178458306.0,population,,,
Less developed regions,,1991,4262779751.0,population,,,
Less developed regions,,1992,4344681246.0,population,,,
Less developed regions,,1993,4425817557.0,population,,,
Less developed regions,,1994,4505117738.0,population,,,
Less developed regions,,1995,4584269233.0,population,,,
Less developed regions,,1996,4663925776.0,population,,,
Less developed regions,,1997,4743165102.0,population,,,
Less developed regions,,1998,4822567874.0,population,,,
Less developed regions,,1999,4901733083.0,population,,,
Less developed regions,,2000,4981020962.0,population,,,
Less developed regions,,2001,5060563605.0,population,,,
Less developed regions,,2002,5138827842.0,population,,,
Less developed regions,,2003,5216602046.0,population,,,
Less developed regions,,2004,5295140641.0,population,,,
Less developed regions,,2005,5374298182.0,population,,,
Less developed regions,,2006,5454383040.0,population,,,
Less developed regions,,2007,5535084749.0,population,,,
Less developed regions,,2008,5616574422.0,population,,,
Less developed regions,,2009,5699574947.0,population,,,
Less developed regions,,2010,5783526130.0,population,,,
Less developed regions,,2011,5867818565.0,population,,,
Less developed regions,,2012,5953386682.0,population,,,
Less developed regions,,2013,6039378808.0,population,,,
Less developed regions,,2014,6124495119.0,population,,,
Less developed regions,,2015,6208202801.0,population,,,
Less developed regions,,2016,6290688527.0,population,,,
Less developed regions,,2017,6372441555.0,population,,,
Less developed regions,,2018,6451926601.0,population,,,
Less developed regions,,2019,6528919013.0,population,,,
Less developed regions,,2020,6602624618.0,population,,,
Less developed regions,,2021,6670349457.0,population,,,
Less developed regions,,2022,6737630544.0,population,,,
Less developed regions,,2023,6807234405.0,population,,,
"Less developed regions, excluding China",,1950,1125868863.0,population,,,
"Less developed regions, excluding China",,1951,1150351237.0,population,,,
"Less developed regions, excluding China",,1952,1176543038.0,population,,,
"Less developed regions, excluding China",,1953,1204167595.0,population,,,
"Less developed regions, excluding China",,1954,1233175513.0,population,,,
"Less developed regions, excluding China",,1955,1263675966.0,population,,,
"Less developed regions, excluding China",,1956,1295434518.0,population,,,
"Less developed regions, excluding China",,1957,1328122764.0,population,,,
"Less developed regions, excluding China",,1958,1361760461.0,population,,,
"Less developed regions, excluding China",,1959,1396869828.0,population,,,
"Less developed regions, excluding China",,1960,1433224545.0,population,,,
"Less developed regions, excluding China",,1961,1470548979.0,population,,,
"Less developed regions, excluding China",,1962,1508861488.0,population,,,
"Less developed regions, excluding China",,1963,1548246426.0,population,,,
"Less developed regions, excluding China",,1964,1588628671.0,population,,,
"Less developed regions, excluding China",,1965,1629118764.0,population,,,
"Less developed regions, excluding China",,1966,1669833858.0,population,,,
"Less developed regions, excluding China",,1967,1711943329.0,population,,,
"Less developed regions, excluding China",,1968,1755157648.0,population,,,
"Less developed regions, excluding China",,1969,1799067415.0,population,,,
"Less developed regions, excluding China",,1970,1844089672.0,population,,,
"Less developed regions, excluding China",,1971,1889203869.0,population,,,
"Less developed regions, excluding China",,1972,1935235043.0,population,,,
"Less developed regions, excluding China",,1973,1983444072.0,population,,,
"Less developed regions, excluding China",,1974,2032954015.0,population,,,
"Less developed regions, excluding China",,1975,2083615392.0,population,,,
"Less developed regions, excluding China",,1976,2135363614.0,population,,,
"Less developed regions, excluding China",,1977,2188298488.0,population,,,
"Less developed regions, excluding China",,1978,2242567843.0,population,,,
"Less developed regions, excluding China",,1979,2298553004.0,population,,,
"Less developed regions, excluding China",,1980,2356140136.0,population,,,
"Less developed regions, excluding China",,1981,2415475699.0,population,,,
"Less developed regions, excluding China",,1982,2476800040.0,population,,,
"Less developed regions, excluding China",,1983,2539360825.0,population,,,
"Less developed regions, excluding China",,1984,2602918734.0,population,,,
"Less developed regions, excluding China",,1985,2667270277.0,population,,,
"Less developed regions, excluding China",,1986,2732287837.0,population,,,
"Less developed regions, excluding China",,1987,2798159408.0,population,,,
"Less developed regions, excluding China",,1988,2864481511.0,population,,,
"Less developed regions, excluding China",,1989,2931407094.0,population,,,
"Less developed regions, excluding China",,1990,2998368927.0,population,,,
"Less developed regions, excluding China",,1991,3065219086.0,population,,,
"Less developed regions, excluding China",,1992,3132993135.0,population,,,
"Less developed regions, excluding China",,1993,3201050469.0,population,,,
"Less developed regions, excluding China",,1994,3268325107.0,population,,,
"Less developed regions, excluding China",,1995,3336024996.0,population,,,
"Less developed regions, excluding China",,1996,3404562179.0,population,,,
"Less developed regions, excluding China",,1997,3473308404.0,population,,,
"Less developed regions, excluding China",,1998,3542727357.0,population,,,
"Less developed regions, excluding China",,1999,3612305858.0,population,,,
"Less developed regions, excluding China",,2000,3681964937.0,population,,,
"Less developed regions, excluding China",,2001,3752172931.0,population,,,
"Less developed regions, excluding China",,2002,3822116694.0,population,,,
"Less developed regions, excluding China",,2003,3892092646.0,population,,,
"Less developed regions, excluding China",,2004,3962924574.0,population,,,
"Less developed regions, excluding China",,2005,4034042193.0,population,,,
"Less developed regions, excluding China",,2006,4105974515.0,population,,,
"Less developed regions, excluding China",,2007,4178770578.0,population,,,
"Less developed regions, excluding China",,2008,4252110587.0,population,,,
"Less developed regions, excluding China",,2009,4326273936.0,population,,,
"Less developed regions, excluding China",,2010,4401076148.0,population,,,
"Less developed regions, excluding China",,2011,4476576145.0,population,,,
"Less developed regions, excluding China",,2012,4552731439.0,population,,,
"Less developed regions, excluding China",,2013,4629090773.0,population,,,
"Less developed regions, excluding China",,2014,4705140525.0,population,,,
"Less developed regions, excluding China",,2015,4780550756.0,population,,,
"Less developed regions, excluding China",,2016,4855007388.0,population,,,
"Less developed regions, excluding China",,2017,4928362452.0,population,,,
"Less developed regions, excluding China",,2018,5001128397.0,population,,,
"Less developed regions, excluding China",,2019,5073567699.0,population,,,
"Less developed regions, excluding China",,2020,5144681850.0,population,,,
"Less developed regions, excluding China",,2021,5212174883.0,population,,,
"Less developed regions, excluding China",,2022,5280860580.0,population,,,
"Less developed regions, excluding China",,2023,5353175687.0,population,,,
"Less developed regions, excluding least developed countries",,1950,1480924641.0,population,,,
"Less developed regions, excluding least developed countries",,1951,1511589776.0,population,,,
"Less developed regions, excluding least developed countries",,1952,1545479508.0,population,,,
"Less developed regions, excluding least developed countries",,1953,1581761175.0,population,,,
"Less developed regions, excluding least developed countries",,1954,1619420140.0,population,,,
"Less developed regions, excluding least developed countries",,1955,1659259427.0,population,,,
"Less developed regions, excluding least developed countries",,1956,1699773348.0,population,,,
"Less developed regions, excluding least developed countries",,1957,1741900747.0,population,,,
"Less developed regions, excluding least developed countries",,1958,1785005576.0,population,,,
"Less developed regions, excluding least developed countries",,1959,1823907388.0,population,,,
"Less developed regions, excluding least developed countries",,1960,1857224413.0,population,,,
"Less developed regions, excluding least developed countries",,1961,1889972330.0,population,,,
"Less developed regions, excluding least developed countries",,1962,1931625925.0,population,,,
"Less developed regions, excluding least developed countries",,1963,1984301662.0,population,,,
"Less developed regions, excluding least developed countries",,1964,2039229756.0,population,,,
"Less developed regions, excluding least developed countries",,1965,2092606700.0,population,,,
"Less developed regions, excluding least developed countries",,1966,2145757880.0,population,,,
"Less developed regions, excluding least developed countries",,1967,2198888967.0,population,,,
"Less developed regions, excluding least developed countries",,1968,2254258178.0,population,,,
"Less developed regions, excluding least developed countries",,1969,2312045510.0,population,,,
"Less developed regions, excluding least developed countries",,1970,2371031548.0,population,,,
"Less developed regions, excluding least developed countries",,1971,2430050831.0,population,,,
"Less developed regions, excluding least developed countries",,1972,2488428378.0,population,,,
"Less developed regions, excluding least developed countries",,1973,2547183640.0,population,,,
"Less developed regions, excluding least developed countries",,1974,2605766713.0,population,,,
"Less developed regions, excluding least developed countries",,1975,2663827396.0,population,,,
"Less developed regions, excluding least developed countries",,1976,2721532875.0,population,,,
"Less developed regions, excluding least developed countries",,1977,2779362487.0,population,,,
"Less developed regions, excluding least developed countries",,1978,2837332286.0,population,,,
"Less developed regions, excluding least developed countries",,1979,2896864097.0,population,,,
"Less developed regions, excluding least developed countries",,1980,2959492653.0,population,,,
"Less developed regions, excluding least developed countries",,1981,3024775652.0,population,,,
"Less developed regions, excluding least developed countries",,1982,3091859910.0,population,,,
"Less developed regions, excluding least developed countries",,1983,3158707502.0,population,,,
"Less developed regions, excluding least developed countries",,1984,3225617638.0,population,,,
"Less developed regions, excluding least developed countries",,1985,3294358549.0,population,,,
"Less developed regions, excluding least developed countries",,1986,3365126760.0,population,,,
"Less developed regions, excluding least developed countries",,1987,3438003921.0,population,,,
"Less developed regions, excluding least developed countries",,1988,3511274062.0,population,,,
"Less developed regions, excluding least developed countries",,1989,3584585358.0,population,,,
"Less developed regions, excluding least developed countries",,1990,3658641493.0,population,,,
"Less developed regions, excluding least developed countries",,1991,3730058514.0,population,,,
"Less developed regions, excluding least developed countries",,1992,3797647895.0,population,,,
"Less developed regions, excluding least developed countries",,1993,3863197224.0,population,,,
"Less developed regions, excluding least developed countries",,1994,3926956026.0,population,,,
"Less developed regions, excluding least developed countries",,1995,3990524679.0,population,,,
"Less developed regions, excluding least developed countries",,1996,4054381093.0,population,,,
"Less developed regions, excluding least developed countries",,1997,4117758338.0,population,,,
"Less developed regions, excluding least developed countries",,1998,4181026073.0,population,,,
"Less developed regions, excluding least developed countries",,1999,4243973704.0,population,,,
"Less developed regions, excluding least developed countries",,2000,4307246827.0,population,,,
"Less developed regions, excluding least developed countries",,2001,4370538445.0,population,,,
"Less developed regions, excluding least developed countries",,2002,4431411114.0,population,,,
"Less developed regions, excluding least developed countries",,2003,4491336486.0,population,,,
"Less developed regions, excluding least developed countries",,2004,4552264990.0,population,,,
"Less developed regions, excluding least developed countries",,2005,4613394930.0,population,,,
"Less developed regions, excluding least developed countries",,2006,4674987347.0,population,,,
"Less developed regions, excluding least developed countries",,2007,4737399061.0,population,,,
"Less developed regions, excluding least developed countries",,2008,4800132449.0,population,,,
"Less developed regions, excluding least developed countries",,2009,4863710004.0,population,,,
"Less developed regions, excluding least developed countries",,2010,4927996232.0,population,,,
"Less developed regions, excluding least developed countries",,2011,4991947799.0,population,,,
"Less developed regions, excluding least developed countries",,2012,5056512363.0,population,,,
"Less developed regions, excluding least developed countries",,2013,5120916002.0,population,,,
"Less developed regions, excluding least developed countries",,2014,5184014220.0,population,,,
"Less developed regions, excluding least developed countries",,2015,5245494208.0,population,,,
"Less developed regions, excluding least developed countries",,2016,5305069892.0,population,,,
"Less developed regions, excluding least developed countries",,2017,5363241083.0,population,,,
"Less developed regions, excluding least developed countries",,2018,5418606082.0,population,,,
"Less developed regions, excluding least developed countries",,2019,5470692036.0,population,,,
"Less developed regions, excluding least developed countries",,2020,5518771103.0,population,,,
"Less developed regions, excluding least developed countries",,2021,5560952242.0,population,,,
"Less developed regions, excluding least developed countries",,2022,5602818604.0,population,,,
"Less developed regions, excluding least developed countries",,2023,5646178846.0,population,,,
Low-income countries,,1950,112417078.0,population,,,
Low-income countries,,1951,113855994.0,population,,,
Low-income countries,,1952,115581774.0,population,,,
Low-income countries,,1953,117615242.0,population,,,
Low-income countries,,1954,119859620.0,population,,,
Low-income countries,,1955,122293768.0,population,,,
Low-income countries,,1956,124856179.0,population,,,
Low-income countries,,1957,127501487.0,population,,,
Low-income countries,,1958,130192506.0,population,,,
Low-income countries,,1959,133046149.0,population,,,
Low-income countries,,1960,136125729.0,population,,,
Low-income countries,,1961,139355316.0,population,,,
Low-income countries,,1962,142712624.0,population,,,
Low-income countries,,1963,146205482.0,population,,,
Low-income countries,,1964,149870081.0,population,,,
Low-income countries,,1965,153698829.0,population,,,
Low-income countries,,1966,157659983.0,population,,,
Low-income countries,,1967,161829470.0,population,,,
Low-income countries,,1968,166200262.0,population,,,
Low-income countries,,1969,170666200.0,population,,,
Low-income countries,,1970,175246428.0,population,,,
Low-income countries,,1971,179913367.0,population,,,
Low-income countries,,1972,184581585.0,population,,,
Low-income countries,,1973,189471302.0,population,,,
Low-income countries,,1974,194562671.0,population,,,
Low-income countries,,1975,199687437.0,population,,,
Low-income countries,,1976,204927699.0,population,,,
Low-income countries,,1977,210124419.0,population,,,
Low-income countries,,1978,215869461.0,population,,,
Low-income countries,,1979,221894964.0,population,,,
Low-income countries,,1980,226852933.0,population,,,
Low-income countries,,1981,231334693.0,population,,,
Low-income countries,,1982,236940781.0,population,,,
Low-income countries,,1983,243386819.0,population,,,
Low-income countries,,1984,249991059.0,population,,,
Low-income countries,,1985,256719414.0,population,,,
Low-income countries,,1986,263482136.0,population,,,
Low-income countries,,1987,270539136.0,population,,,
Low-income countries,,1988,277807416.0,population,,,
Low-income countries,,1989,285400398.0,population,,,
Low-income countries,,1990,292948245.0,population,,,
Low-income countries,,1991,300652924.0,population,,,
Low-income countries,,1992,309670855.0,population,,,
Low-income countries,,1993,319597138.0,population,,,
Low-income countries,,1994,329120053.0,population,,,
Low-income countries,,1995,338706480.0,population,,,
Low-income countries,,1996,348800129.0,population,,,
Low-income countries,,1997,358821530.0,population,,,
Low-income countries,,1998,369081908.0,population,,,
Low-income countries,,1999,379700535.0,population,,,
Low-income countries,,2000,390079727.0,population,,,
Low-income countries,,2001,400757281.0,population,,,
Low-income countries,,2002,412670851.0,population,,,
Low-income countries,,2003,425077104.0,population,,,
Low-income countries,,2004,437382847.0,population,,,
Low-income countries,,2005,450155671.0,population,,,
Low-income countries,,2006,463744492.0,population,,,
Low-income countries,,2007,477551566.0,population,,,
Low-income countries,,2008,491406377.0,population,,,
Low-income countries,,2009,505585024.0,population,,,
Low-income countries,,2010,520054114.0,population,,,
Low-income countries,,2011,534808724.0,population,,,
Low-income countries,,2012,549451660.0,population,,,
Low-income countries,,2013,563526633.0,population,,,
Low-income countries,,2014,577586378.0,population,,,
Low-income countries,,2015,592175408.0,population,,,
Low-income countries,,2016,607867480.0,population,,,
Low-income countries,,2017,624556994.0,population,,,
Low-income countries,,2018,642186193.0,population,,,
Low-income countries,,2019,660718368.0,population,,,
Low-income countries,,2020,679560751.0,population,,,
Low-income countries,,2021,698215211.0,population,,,
Low-income countries,,2022,716865787.0,population,,,
Low-income countries,,2023,736466397.0,population,,,
Lower-middle-income countries,,1950,710724740.0,population,,,
Lower-middle-income countries,,1951,726051988.0,population,,,
Lower-middle-income countries,,1952,742174260.0,population,,,
Lower-middle-income countries,,1953,758887070.0,population,,,
Lower-middle-income countries,,1954,776342553.0,population,,,
Lower-middle-income countries,,1955,794696328.0,population,,,
Lower-middle-income countries,,1956,813718531.0,population,,,
Lower-middle-income countries,,1957,833154942.0,population,,,
Lower-middle-income countries,,1958,853227840.0,population,,,
Lower-middle-income countries,,1959,874216587.0,population,,,
Lower-middle-income countries,,1960,895787401.0,population,,,
Lower-middle-income countries,,1961,917845506.0,population,,,
Lower-middle-income countries,,1962,940367983.0,population,,,
Lower-middle-income countries,,1963,963442380.0,population,,,
Lower-middle-income countries,,1964,987059692.0,population,,,
Lower-middle-income countries,,1965,1010777295.0,population,,,
Lower-middle-income countries,,1966,1034514233.0,population,,,
Lower-middle-income countries,,1967,1058899355.0,population,,,
Lower-middle-income countries,,1968,1083851551.0,population,,,
Lower-middle-income countries,,1969,1109131272.0,population,,,
Lower-middle-income countries,,1970,1135199025.0,population,,,
Lower-middle-income countries,,1971,1161123747.0,population,,,
Lower-middle-income countries,,1972,1187788437.0,population,,,
Lower-middle-income countries,,1973,1216172485.0,population,,,
Lower-middle-income countries,,1974,1245525849.0,population,,,
Lower-middle-income countries,,1975,1275969483.0,population,,,
Lower-middle-income countries,,1976,1307169122.0,population,,,
Lower-middle-income countries,,1977,1339194099.0,population,,,
Lower-middle-income countries,,1978,1371695390.0,population,,,
Lower-middle-income countries,,1979,1405616510.0,population,,,
Lower-middle-income countries,,1980,1442021652.0,population,,,
Lower-middle-income countries,,1981,1480251812.0,population,,,
Lower-middle-income countries,,1982,1519038556.0,population,,,
Lower-middle-income countries,,1983,1557936430.0,population,,,
Lower-middle-income countries,,1984,1597489396.0,population,,,
Lower-middle-income countries,,1985,1637845037.0,population,,,
Lower-middle-income countries,,1986,1678895522.0,population,,,
Lower-middle-income countries,,1987,1720354976.0,population,,,
Lower-middle-income countries,,1988,1762049066.0,population,,,
Lower-middle-income countries,,1989,1803962255.0,population,,,
Lower-middle-income countries,,1990,1846874679.0,population,,,
Lower-middle-income countries,,1991,1889866212.0,population,,,
Lower-middle-income countries,,1992,1932221209.0,population,,,
Lower-middle-income countries,,1993,1973881954.0,population,,,
Lower-middle-income countries,,1994,2015221808.0,population,,,
Lower-middle-income countries,,1995,2057289707.0,population,,,
Lower-middle-income countries,,1996,2099561783.0,population,,,
Lower-middle-income countries,,1997,2142190177.0,population,,,
Lower-middle-income countries,,1998,2185367176.0,population,,,
Lower-middle-income countries,,1999,2228456143.0,population,,,
Lower-middle-income countries,,2000,2271915129.0,population,,,
Lower-middle-income countries,,2001,2315757634.0,population,,,
Lower-middle-income countries,,2002,2358300843.0,population,,,
Lower-middle-income countries,,2003,2400690746.0,population,,,
Lower-middle-income countries,,2004,2444268137.0,population,,,
Lower-middle-income countries,,2005,2487466881.0,population,,,
Lower-middle-income countries,,2006,2531007296.0,population,,,
Lower-middle-income countries,,2007,2575224861.0,population,,,
Lower-middle-income countries,,2008,2618897847.0,population,,,
Lower-middle-income countries,,2009,2662972450.0,population,,,
Lower-middle-income countries,,2010,2707862957.0,population,,,
Lower-middle-income countries,,2011,2752879900.0,population,,,
Lower-middle-income countries,,2012,2797701849.0,population,,,
Lower-middle-income countries,,2013,2842798868.0,population,,,
Lower-middle-income countries,,2014,2887643105.0,population,,,
Lower-middle-income countries,,2015,2931203438.0,population,,,
Lower-middle-income countries,,2016,2974455464.0,population,,,
Lower-middle-income countries,,2017,3017492210.0,population,,,
Lower-middle-income countries,,2018,3059616816.0,population,,,
Lower-middle-income countries,,2019,3101052514.0,population,,,
Lower-middle-income countries,,2020,3141910133.0,population,,,
Lower-middle-income countries,,2021,3180608692.0,population,,,
Lower-middle-income countries,,2022,3216231043.0,population,,,
Lower-middle-income countries,,2023,3253459066.0,population,,,
More developed regions,,1950,813408099.0,population,,,
More developed regions,,1951,822685167.0,population,,,
More developed regions,,1952,831897688.0,population,,,
More developed regions,,1953,841466221.0,population,,,
More developed regions,,1954,851271235.0,population,,,
More developed regions,,1955,861213047.0,population,,,
More developed regions,,1956,871164729.0,population,,,
More developed regions,,1957,881383471.0,population,,,
More developed regions,,1958,891994408.0,population,,,
More developed regions,,1959,902575170.0,population,,,
More developed regions,,1960,913129880.0,population,,,
More developed regions,,1961,923843721.0,population,,,
More developed regions,,1962,934505563.0,population,,,
More developed regions,,1963,944878298.0,population,,,
More developed regions,,1964,954992054.0,population,,,
More developed regions,,1965,964753349.0,population,,,
More developed regions,,1966,973989094.0,population,,,
More developed regions,,1967,982807502.0,population,,,
More developed regions,,1968,991479727.0,population,,,
More developed regions,,1969,1000109403.0,population,,,
More developed regions,,1970,1008472099.0,population,,,
More developed regions,,1971,1017200322.0,population,,,
More developed regions,,1972,1026163902.0,population,,,
More developed regions,,1973,1034537770.0,population,,,
More developed regions,,1974,1042520059.0,population,,,
More developed regions,,1975,1049975495.0,population,,,
More developed regions,,1976,1057066465.0,population,,,
More developed regions,,1977,1064116815.0,population,,,
More developed regions,,1978,1071004186.0,population,,,
More developed regions,,1979,1077863864.0,population,,,
More developed regions,,1980,1085007464.0,population,,,
More developed regions,,1981,1091854246.0,population,,,
More developed regions,,1982,1098150073.0,population,,,
More developed regions,,1983,1104373545.0,population,,,
More developed regions,,1984,1110503868.0,population,,,
More developed regions,,1985,1116609296.0,population,,,
More developed regions,,1986,1122991291.0,population,,,
More developed regions,,1987,1129552742.0,population,,,
More developed regions,,1988,1136201412.0,population,,,
More developed regions,,1989,1142734939.0,population,,,
More developed regions,,1990,1149344813.0,population,,,
More developed regions,,1991,1155956161.0,population,,,
More developed regions,,1992,1161308568.0,population,,,
More developed regions,,1993,1165727259.0,population,,,
More developed regions,,1994,1170433545.0,population,,,
More developed regions,,1995,1174609762.0,population,,,
More developed regions,,1996,1178129953.0,population,,,
More developed regions,,1997,1181622720.0,population,,,
More developed regions,,1998,1184498830.0,population,,,
More developed regions,,1999,1187273287.0,population,,,
More developed regions,,2000,1190682031.0,population,,,
More developed regions,,2001,1194372836.0,population,,,
More developed regions,,2002,1198902475.0,population,,,
More developed regions,,2003,1203759602.0,population,,,
More developed regions,,2004,1208237107.0,population,,,
More developed regions,,2005,1212671953.0,population,,,
More developed regions,,2006,1217068975.0,population,,,
More developed regions,,2007,1222224054.0,population,,,
More developed regions,,2008,1227883250.0,population,,,
More developed regions,,2009,1233191439.0,population,,,
More developed regions,,2010,1238205994.0,population,,,
More developed regions,,2011,1243105221.0,population,,,
More developed regions,,2012,1247815738.0,population,,,
More developed regions,,2013,1252414793.0,population,,,
More developed regions,,2014,1257121132.0,population,,,
More developed regions,,2015,1262289100.0,population,,,
More developed regions,,2016,1267865997.0,population,,,
More developed regions,,2017,1273176413.0,population,,,
More developed regions,,2018,1277976169.0,population,,,
More developed regions,,2019,1282374735.0,population,,,
More developed regions,,2020,1284376622.0,population,,,
More developed regions,,2021,1284098923.0,population,,,
More developed regions,,2022,1283776661.0,population,,,
More developed regions,,2023,1284500519.0,population,,,
Northern America (UN),,1950,168009342.0,population,,,
Northern America (UN),,1951,170630615.0,population,,,
Northern America (UN),,1952,173344109.0,population,,,
Northern America (UN),,1953,176134466.0,population,,,
Northern America (UN),,1954,179024840.0,population,,,
Northern America (UN),,1955,181999181.0,population,,,
Northern America (UN),,1956,185056921.0,population,,,
Northern America (UN),,1957,188214453.0,population,,,
Northern America (UN),,1958,191394937.0,population,,,
Northern America (UN),,1959,194738618.0,population,,,
Northern America (UN),,1960,198252643.0,population,,,
Northern America (UN),,1961,201834084.0,population,,,
Northern America (UN),,1962,205421754.0,population,,,
Northern America (UN),,1963,208875795.0,population,,,
Northern America (UN),,1964,212229899.0,population,,,
Northern America (UN),,1965,215430538.0,population,,,
Northern America (UN),,1966,218412895.0,population,,,
Northern America (UN),,1967,221204999.0,population,,,
Northern America (UN),,1968,223843851.0,population,,,
Northern America (UN),,1969,226438641.0,population,,,
Northern America (UN),,1970,229339589.0,population,,,
Northern America (UN),,1971,232426951.0,population,,,
Northern America (UN),,1972,235179331.0,population,,,
Northern America (UN),,1973,237625604.0,population,,,
Northern America (UN),,1974,240008219.0,population,,,
Northern America (UN),,1975,242386622.0,population,,,
Northern America (UN),,1976,244733405.0,population,,,
Northern America (UN),,1977,247098937.0,population,,,
Northern America (UN),,1978,249484156.0,population,,,
Northern America (UN),,1979,251921717.0,population,,,
Northern America (UN),,1980,254502384.0,population,,,
Northern America (UN),,1981,257157456.0,population,,,
Northern America (UN),,1982,259835188.0,population,,,
Northern America (UN),,1983,262511903.0,population,,,
Northern America (UN),,1984,265138354.0,population,,,
Northern America (UN),,1985,267732945.0,population,,,
Northern America (UN),,1986,270280783.0,population,,,
Northern America (UN),,1987,272819088.0,population,,,
Northern America (UN),,1988,275439032.0,population,,,
Northern America (UN),,1989,278159891.0,population,,,
Northern America (UN),,1990,281282376.0,population,,,
Northern America (UN),,1991,284748665.0,population,,,
Northern America (UN),,1992,288226636.0,population,,,
Northern America (UN),,1993,291584860.0,population,,,
Northern America (UN),,1994,294743557.0,population,,,
Northern America (UN),,1995,297786726.0,population,,,
Northern America (UN),,1996,300750141.0,population,,,
Northern America (UN),,1997,303649788.0,population,,,
Northern America (UN),,1998,306572453.0,population,,,
Northern America (UN),,1999,309508500.0,population,,,
Northern America (UN),,2000,312499983.0,population,,,
Northern America (UN),,2001,315617769.0,population,,,
Northern America (UN),,2002,318744894.0,population,,,
Northern America (UN),,2003,321869948.0,population,,,
Northern America (UN),,2004,325044559.0,population,,,
Northern America (UN),,2005,328282608.0,population,,,
Northern America (UN),,2006,331615162.0,population,,,
Northern America (UN),,2007,335062239.0,population,,,
Northern America (UN),,2008,338545414.0,population,,,
Northern America (UN),,2009,341975945.0,population,,,
Northern America (UN),,2010,345386050.0,population,,,
Northern America (UN),,2011,348787110.0,population,,,
Northern America (UN),,2012,352164285.0,population,,,
Northern America (UN),,2013,355530259.0,population,,,
Northern America (UN),,2014,358875295.0,population,,,
Northern America (UN),,2015,362214162.0,population,,,
Northern America (UN),,2016,365658209.0,population,,,
Northern America (UN),,2017,369138724.0,population,,,
Northern America (UN),,2018,372477318.0,population,,,
Northern America (UN),,2019,375699069.0,population,,,
Northern America (UN),,2020,377734350.0,population,,,
Northern America (UN),,2021,378741971.0,population,,,
Northern America (UN),,2022,380481767.0,population,,,
Northern America (UN),,2023,382902740.0,population,,,
Oceania (UN),,1950,12582041.0,population,,,
Oceania (UN),,1951,12915026.0,population,,,
Oceania (UN),,1952,13228957.0,population,,,
Oceania (UN),,1953,13527050.0,population,,,
Oceania (UN),,1954,13824307.0,population,,,
Oceania (UN),,1955,14145100.0,population,,,
Oceania (UN),,1956,14484448.0,population,,,
Oceania (UN),,1957,14825230.0,population,,,
Oceania (UN),,1958,15165875.0,population,,,
Oceania (UN),,1959,15509891.0,population,,,
Oceania (UN),,1960,15862304.0,population,,,
Oceania (UN),,1961,16216514.0,population,,,
Oceania (UN),,1962,16560587.0,population,,,
Oceania (UN),,1963,16904250.0,population,,,
Oceania (UN),,1964,17254315.0,population,,,
Oceania (UN),,1965,17616872.0,population,,,
Oceania (UN),,1966,17985711.0,population,,,
Oceania (UN),,1967,18331859.0,population,,,
Oceania (UN),,1968,18669865.0,population,,,
Oceania (UN),,1969,19033436.0,population,,,
Oceania (UN),,1970,19493815.0,population,,,
Oceania (UN),,1971,20035734.0,population,,,
Oceania (UN),,1972,20493793.0,population,,,
Oceania (UN),,1973,20865841.0,population,,,
Oceania (UN),,1974,21227902.0,population,,,
Oceania (UN),,1975,21555564.0,population,,,
Oceania (UN),,1976,21842132.0,population,,,
Oceania (UN),,1977,22114263.0,population,,,
Oceania (UN),,1978,22383131.0,population,,,
Oceania (UN),,1979,22653380.0,population,,,
Oceania (UN),,1980,22954137.0,population,,,
Oceania (UN),,1981,23307159.0,population,,,
Oceania (UN),,1982,23690309.0,population,,,
Oceania (UN),,1983,24064144.0,population,,,
Oceania (UN),,1984,24420730.0,population,,,
Oceania (UN),,1985,24777243.0,population,,,
Oceania (UN),,1986,25149503.0,population,,,
Oceania (UN),,1987,25544234.0,population,,,
Oceania (UN),,1988,25956095.0,population,,,
Oceania (UN),,1989,26376679.0,population,,,
Oceania (UN),,1990,26839030.0,population,,,
Oceania (UN),,1991,27314981.0,population,,,
Oceania (UN),,1992,27746316.0,population,,,
Oceania (UN),,1993,28154044.0,population,,,
Oceania (UN),,1994,28572743.0,population,,,
Oceania (UN),,1995,29024929.0,population,,,
Oceania (UN),,1996,29498349.0,population,,,
Oceania (UN),,1997,29964284.0,population,,,
Oceania (UN),,1998,30419763.0,population,,,
Oceania (UN),,1999,30879799.0,population,,,
Oceania (UN),,2000,31352628.0,population,,,
Oceania (UN),,2001,31846890.0,population,,,
Oceania (UN),,2002,32365687.0,population,,,
Oceania (UN),,2003,32894223.0,population,,,
Oceania (UN),,2004,33418745.0,population,,,
Oceania (UN),,2005,33955853.0,population,,,
Oceania (UN),,2006,34540031.0,population,,,
Oceania (UN),,2007,35189700.0,population,,,
Oceania (UN),,2008,35890031.0,population,,,
Oceania (UN),,2009,36593207.0,population,,,
Oceania (UN),,2010,37253760.0,population,,,
Oceania (UN),,2011,37889768.0,population,,,
Oceania (UN),,2012,38550174.0,population,,,
Oceania (UN),,2013,39233595.0,population,,,
Oceania (UN),,2014,39918438.0,population,,,
Oceania (UN),,2015,40614680.0,population,,,
Oceania (UN),,2016,41346915.0,population,,,
Oceania (UN),,2017,42093650.0,population,,,
Oceania (UN),,2018,42815158.0,population,,,
Oceania (UN),,2019,43504185.0,population,,,
Oceania (UN),,2020,44078974.0,population,,,
Oceania (UN),,2021,44558212.0,population,,,
Oceania (UN),,2022,45049350.0,population,,,
Oceania (UN),,2023,45562792.0,population,,,
Small island developing states (SIDS),,1950,23402925.0,population,,,
Small island developing states (SIDS),,1951,23898088.0,population,,,
Small island developing states (SIDS),,1952,24404713.0,population,,,
Small island developing states (SIDS),,1953,24927191.0,population,,,
Small island developing states (SIDS),,1954,25463895.0,population,,,
Small island developing states (SIDS),,1955,26016299.0,population,,,
Small island developing states (SIDS),,1956,26585046.0,population,,,
Small island developing states (SIDS),,1957,27164199.0,population,,,
Small island developing states (SIDS),,1958,27748241.0,population,,,
Small island developing states (SIDS),,1959,28342591.0,population,,,
Small island developing states (SIDS),,1960,28957339.0,population,,,
Small island developing states (SIDS),,1961,29590020.0,population,,,
Small island developing states (SIDS),,1962,30236082.0,population,,,
Small island developing states (SIDS),,1963,30891681.0,population,,,
Small island developing states (SIDS),,1964,31542977.0,population,,,
Small island developing states (SIDS),,1965,32190280.0,population,,,
Small island developing states (SIDS),,1966,32845472.0,population,,,
Small island developing states (SIDS),,1967,33509353.0,population,,,
Small island developing states (SIDS),,1968,34175188.0,population,,,
Small island developing states (SIDS),,1969,34835329.0,population,,,
Small island developing states (SIDS),,1970,35500872.0,population,,,
Small island developing states (SIDS),,1971,36171344.0,population,,,
Small island developing states (SIDS),,1972,36829858.0,population,,,
Small island developing states (SIDS),,1973,37477789.0,population,,,
Small island developing states (SIDS),,1974,38128340.0,population,,,
Small island developing states (SIDS),,1975,38786671.0,population,,,
Small island developing states (SIDS),,1976,39442783.0,population,,,
Small island developing states (SIDS),,1977,40090550.0,population,,,
Small island developing states (SIDS),,1978,40727099.0,population,,,
Small island developing states (SIDS),,1979,41333291.0,population,,,
Small island developing states (SIDS),,1980,41940509.0,population,,,
Small island developing states (SIDS),,1981,42603105.0,population,,,
Small island developing states (SIDS),,1982,43290507.0,population,,,
Small island developing states (SIDS),,1983,43965390.0,population,,,
Small island developing states (SIDS),,1984,44628158.0,population,,,
Small island developing states (SIDS),,1985,45276863.0,population,,,
Small island developing states (SIDS),,1986,45924457.0,population,,,
Small island developing states (SIDS),,1987,46600209.0,population,,,
Small island developing states (SIDS),,1988,47315689.0,population,,,
Small island developing states (SIDS),,1989,48069129.0,population,,,
Small island developing states (SIDS),,1990,48858552.0,population,,,
Small island developing states (SIDS),,1991,49674783.0,population,,,
Small island developing states (SIDS),,1992,50502885.0,population,,,
Small island developing states (SIDS),,1993,51329676.0,population,,,
Small island developing states (SIDS),,1994,52154389.0,population,,,
Small island developing states (SIDS),,1995,52988919.0,population,,,
Small island developing states (SIDS),,1996,53837866.0,population,,,
Small island developing states (SIDS),,1997,54690885.0,population,,,
Small island developing states (SIDS),,1998,55513926.0,population,,,
Small island developing states (SIDS),,1999,56160375.0,population,,,
Small island developing states (SIDS),,2000,56817761.0,population,,,
Small island developing states (SIDS),,2001,57627191.0,population,,,
Small island developing states (SIDS),,2002,58380254.0,population,,,
Small island developing states (SIDS),,2003,59063574.0,population,,,
Small island developing states (SIDS),,2004,59754183.0,population,,,
Small island developing states (SIDS),,2005,60501158.0,population,,,
Small island developing states (SIDS),,2006,61300069.0,population,,,
Small island developing states (SIDS),,2007,62152167.0,population,,,
Small island developing states (SIDS),,2008,63024397.0,population,,,
Small island developing states (SIDS),,2009,63852313.0,population,,,
Small island developing states (SIDS),,2010,64585832.0,population,,,
Small island developing states (SIDS),,2011,65309897.0,population,,,
Small island developing states (SIDS),,2012,66073256.0,population,,,
Small island developing states (SIDS),,2013,66806937.0,population,,,
Small island developing states (SIDS),,2014,67504472.0,population,,,
Small island developing states (SIDS),,2015,68185217.0,population,,,
Small island developing states (SIDS),,2016,68838424.0,population,,,
Small island developing states (SIDS),,2017,69394086.0,population,,,
Small island developing states (SIDS),,2018,70010846.0,population,,,
Small island developing states (SIDS),,2019,70666301.0,population,,,
Small island developing states (SIDS),,2020,71178638.0,population,,,
Small island developing states (SIDS),,2021,71632449.0,population,,,
Small island developing states (SIDS),,2022,72230333.0,population,,,
Small island developing states (SIDS),,2023,72894714.0,population,,,
Upper-middle-income countries,,1950,971459728.0,population,,,
Upper-middle-income countries,,1951,990365580.0,population,,,
Upper-middle-income countries,,1952,1011326555.0,population,,,
Upper-middle-income countries,,1953,1033750838.0,population,,,
Upper-middle-income countries,,1954,1056752382.0,population,,,
Upper-middle-income countries,,1955,1081063315.0,population,,,
Upper-middle-income countries,,1956,1105422294.0,population,,,
Upper-middle-income countries,,1957,1131059965.0,population,,,
Upper-middle-income countries,,1958,1157100675.0,population,,,
Upper-middle-income countries,,1959,1177979577.0,population,,,
Upper-middle-income countries,,1960,1192784052.0,population,,,
Upper-middle-income countries,,1961,1206857495.0,population,,,
Upper-middle-income countries,,1962,1229477050.0,population,,,
Upper-middle-income countries,,1963,1262437682.0,population,,,
Upper-middle-income countries,,1964,1296274418.0,population,,,
Upper-middle-income countries,,1965,1328131294.0,population,,,
Upper-middle-income countries,,1966,1360261859.0,population,,,
Upper-middle-income countries,,1967,1392368017.0,population,,,
Upper-middle-income countries,,1968,1426010098.0,population,,,
Upper-middle-income countries,,1969,1460966936.0,population,,,
Upper-middle-income countries,,1970,1495939041.0,population,,,
Upper-middle-income countries,,1971,1530649009.0,population,,,
Upper-middle-income countries,,1972,1564545916.0,population,,,
Upper-middle-income countries,,1973,1597935745.0,population,,,
Upper-middle-income countries,,1974,1630317054.0,population,,,
Upper-middle-income countries,,1975,1660916071.0,population,,,
Upper-middle-income countries,,1976,1690214954.0,population,,,
Upper-middle-income countries,,1977,1718780060.0,population,,,
Upper-middle-income countries,,1978,1746986479.0,population,,,
Upper-middle-income countries,,1979,1775600661.0,population,,,
Upper-middle-income countries,,1980,1805081623.0,population,,,
Upper-middle-income countries,,1981,1835493102.0,population,,,
Upper-middle-income countries,,1982,1867442019.0,population,,,
Upper-middle-income countries,,1983,1899489246.0,population,,,
Upper-middle-income countries,,1984,1931132857.0,population,,,
Upper-middle-income countries,,1985,1963777385.0,population,,,
Upper-middle-income countries,,1986,1997865662.0,population,,,
Upper-middle-income countries,,1987,2033626309.0,population,,,
Upper-middle-income countries,,1988,2069266061.0,population,,,
Upper-middle-income countries,,1989,2104225632.0,population,,,
Upper-middle-income countries,,1990,2139223820.0,population,,,
Upper-middle-income countries,,1991,2171086075.0,population,,,
Upper-middle-income countries,,1992,2198144889.0,population,,,
Upper-middle-income countries,,1993,2224048630.0,population,,,
Upper-middle-income countries,,1994,2249609690.0,population,,,
Upper-middle-income countries,,1995,2274255351.0,population,,,
Upper-middle-income countries,,1996,2298399001.0,population,,,
Upper-middle-income countries,,1997,2321678473.0,population,,,
Upper-middle-income countries,,1998,2344201915.0,population,,,
Upper-middle-income countries,,1999,2365998840.0,population,,,
Upper-middle-income countries,,2000,2387650822.0,population,,,
Upper-middle-income countries,,2001,2408718076.0,population,,,
Upper-middle-income countries,,2002,2429083846.0,population,,,
Upper-middle-income countries,,2003,2448817192.0,population,,,
Upper-middle-income countries,,2004,2467775135.0,population,,,
Upper-middle-income countries,,2005,2487125039.0,population,,,
Upper-middle-income countries,,2006,2506099157.0,population,,,
Upper-middle-income countries,,2007,2524647889.0,population,,,
Upper-middle-income countries,,2008,2544572163.0,population,,,
Upper-middle-income countries,,2009,2565830947.0,population,,,
Upper-middle-income countries,,2010,2587239946.0,population,,,
Upper-middle-income countries,,2011,2608269482.0,population,,,
Upper-middle-income countries,,2012,2630713357.0,population,,,
Upper-middle-income countries,,2013,2654098682.0,population,,,
Upper-middle-income countries,,2014,2676850286.0,population,,,
Upper-middle-income countries,,2015,2698929424.0,population,,,
Upper-middle-income countries,,2016,2719695298.0,population,,,
Upper-middle-income countries,,2017,2740416309.0,population,,,
Upper-middle-income countries,,2018,2759864864.0,population,,,
Upper-middle-income countries,,2019,2776256182.0,population,,,
Upper-middle-income countries,,2020,2789064927.0,population,,,
Upper-middle-income countries,,2021,2797561845.0,population,,,
Upper-middle-income countries,,2022,2804740306.0,population,,,
Upper-middle-income countries,,2023,2811308945.0,population,,,
